Fecha y hora,Duración,Paciente,Cubículo,Descripción
46161.625,30 min.,Paciente de prueba 01,Dr. Morales,"*LIMPIEZA*
Revisar kit azul"
46161.6458333333,30 min.,Paciente de prueba 02,Dr. Morales,"RESPIRA Y SONRÍE - Mensualidad
Revisar torque y línea media inferior"
46161.6666666667,30 min.,Paciente de prueba 03,Dr. Morales,"SONRÍE EN GRANDE - Consulta
Retirar torques y dar ligas"
46161.6875,40 min.,Paciente de prueba 04,Dr. Morales,"SELLADORA - Cita con el doctor"
46161.7395833333,30 min.,Paciente de prueba 05,Dr. Morales,"RESPIRA Y SONRÍE - Revisión
Hacer loops y retirar topes"
46161.7604166667,30 min.,Paciente de prueba 06,Dr. Morales,"COLOCACIÓN DE BRACKETS INFERIORES"
46161.78125,30 min.,Paciente de prueba 07,Dr. Morales,"ESTUDIOS ENFOCADOS
Nota de referencia y técnica de cepillado"
46161.8125,30 min.,Paciente de prueba 08,Dr. Morales,"MORADO
DX"
